id,name,email,country,birthDate
1,Lucien McIlhatton,lmcilhatton0@google.com,Poland,4/6/1986
2,Page Lemmers,plemmers1@virginia.edu,Sweden,9/9/1983
3,Jackquelin Grabiec,jgrabiec2@howstuffworks.com,France,1/27/1989
4,Patricia McLleese,pmclleese3@moonfruit.com,France,7/28/1989
5,Zea Hamstead,zhamstead4@indiatimes.com,Colombia,12/28/1999
6,Iormina Nieass,inieass5@businesswire.com,Japan,9/22/1970
7,Tamera Brettoner,tbrettoner6@admin.ch,Sweden,6/8/1986
8,Myrtia Bramsen,mbramsen7@wordpress.org,Poland,11/14/1972
9,Osmond Riccio,oriccio8@spotify.com,Poland,4/2/1975
10,Nissie Drissell,ndrissell9@ning.com,United States,10/24/1994
11,Katalin Cheesworth,kcheeswortha@washington.edu,Sweden,7/25/1998
12,Hal Piens,hpiensb@devhub.com,France,6/21/1978
13,Boonie Rispine,brispinec@chronoengine.com,France,3/20/1987
14,Truman Tolson,ttolsond@cnbc.com,Poland,5/14/1998
15,Gil Macoun,gmacoune@exblog.jp,Italy,5/14/1974
16,Magdaia Linebarger,mlinebargerf@sbwire.com,United States,10/15/1976
17,Tobi Moverley,tmoverleyg@yahoo.co.jp,Spain,7/8/1970
18,Ezequiel Arnett,earnetth@barnesandnoble.com,Japan,11/29/1975
19,Arabela Naulls,anaullsi@naver.com,Finland,8/18/1975
20,Cairistiona Browse,cbrowsej@home.pl,France,6/27/1990
21,Belita Hatje,bhatjek@oakley.com,United States,10/16/1997
22,Lilian Terbeck,lterbeckl@amazon.co.jp,Sweden,3/30/1977
23,Addy Game,agamem@wiley.com,France,10/10/1972
24,Alicia Barette,abaretten@biblegateway.com,Japan,10/16/1974
25,Yuri Truesdale,ytruesdaleo@indiegogo.com,Sweden,10/29/1987
26,D'arcy Brigman,dbrigmanp@reverbnation.com,France,2/6/1978
27,Ludwig Crossley,lcrossleyq@myspace.com,Argentina,12/28/1999
28,Selina Steggals,ssteggalsr@timesonline.co.uk,Poland,2/28/1987
29,Augustus Pymer,apymers@barnesandnoble.com,Poland,5/10/1996
30,Layney Hurler,lhurlert@utexas.edu,Poland,4/28/1975
31,Norrie Fellini,nfelliniu@studiopress.com,Poland,10/27/1972
32,Peirce Sherlaw,psherlawv@mapquest.com,United States,1/17/1994
33,Berty Jerrams,bjerramsw@hostgator.com,Colombia,7/30/1983
34,Marthena Linnett,mlinnettx@livejournal.com,Poland,6/25/1977
35,Barby Speeks,bspeeksy@so-net.ne.jp,Colombia,7/10/1982
36,Kalila Zaple,kzaplez@admin.ch,France,9/20/1996
37,Isaac Duchateau,iduchateau10@cargocollective.com,Spain,5/16/1970
38,Ab McCuish,amccuish11@cnbc.com,Sweden,1/23/1992
39,Stephen Yakubowicz,syakubowicz12@netvibes.com,Poland,7/20/1997
40,Dillon Harefoot,dharefoot13@1und1.de,Sweden,5/20/1982
41,Dela Crocken,dcrocken14@japanpost.jp,Poland,8/3/1971
42,Allianora Ashfield,aashfield15@elegantthemes.com,Sweden,7/9/1990
43,Rand Oddie,roddie16@jimdo.com,United States,12/2/1989
44,Georgie Anfossi,ganfossi17@businessweek.com,France,5/14/1979
45,Griffith Tuxwell,gtuxwell18@themeforest.net,Poland,1/14/1981
46,Lorne Bridden,lbridden19@feedburner.com,Poland,3/4/1981
47,Wylma Battista,wbattista1a@stumbleupon.com,Sweden,1/13/1984
48,Chickie Lazar,clazar1b@studiopress.com,Colombia,1/29/1970
49,Janetta Boardman,jboardman1c@newsvine.com,Sweden,8/30/1987
50,Rene Callister,rcallister1d@alibaba.com,Japan,7/5/2000
